Lip,887,1238,H_1.jpg,1936,2592
Lip,1110,2200,H_10.jpg,2448,3264
Lip,854,1786,H_100.jpg,1936,2592
Lip,1005,1550,H_101.jpg,1932,2576
Lip,1892,2893,H_102.jpg,3456,4608
Lip,935,1709,H_103.jpg,1936,2592
Lip,1237,2224,H_104.jpg,2448,3264
Lip,1875,3345,H_105.jpg,3456,4608
Lip,558,1230,H_106.jpg,1080,1920
Lip,1239,2162,H_107.jpg,2316,3088
Lip,1285,1693,H_108.jpg,2316,3088
Lip,1195,2103,H_109.jpg,2448,3264
Lip,499,849,H_11.jpg,960,1280
Lip,3068,2314,H_110.jpg,5184,3880
Lip,774,1075,H_111.jpg,1440,1440
Lip,2105,3226,H_112.jpg,3456,4608
Lip,1798,2765,H_113.jpg,3456,4608
Lip,497,808,H_114.jpg,960,1280
Lip,926,1560,H_115.jpg,1956,2608
Lip,1121,1933,H_116.jpg,2320,3088
Lip,1256,1944,H_117.jpg,2316,3088
Lip,1104,2140,H_118.jpg,2448,3264
Lip,885,1650,H_119.jpg,1920,2560
Lip,1319,2099,H_12.jpg,2316,3088
Lip,678,1599,H_120.jpg,1980,2640
Lip,1285,1704,H_121.jpg,2316,3088
Lip,1593,2503,H_122.jpg,3136,4224
Lip,1201,2402,H_123.jpg,2320,3088
Lip,931,1843,H_124.jpg,1936,2592
Lip,1340,2490,H_125.jpg,2448,3264
Lip,1971,2986,H_126.jpg,3880,5184
Lip,1205,2059,H_127.jpg,2316,3088
Lip,1397,3160,H_128.jpg,3136,4224
Lip,1075,2064,H_129.jpg,2320,3088
Lip,412,718,H_13.jpg,960,1280
Lip,1609,2847,H_130.jpg,3136,4224
Lip,1314,1967,H_131.jpg,2316,3088
Lip,1164,2124,H_132.jpg,2472,3296
Lip,1354,1859,H_133.jpg,2316,3088
Lip,1492,3174,H_134.jpg,3120,4160
Lip,1170,2118,H_135.jpg,2472,3296
Lip,973,1560,H_136.jpg,1944,2592
Lip,1789,2165,H_137.jpg,3488,4640
Lip,1070,1944,H_138.jpg,1936,2592
Lip,1393,2386,H_139.jpg,2868,3824
Lip,1358,2128,H_14.jpg,2448,3264
Lip,480,832,H_140.jpg,960,1280
Lip,911,1550,H_141.jpg,1956,2608
Lip,2009,3149,H_142.jpg,3880,5184
Lip,1322,2974,H_143.jpg,2868,3824
Lip,1781,2927,H_144.jpg,3456,4608
Lip,2529,2407,H_145.jpg,5184,3880
Lip,1081,1979,H_146.jpg,2320,3088
Lip,1161,1149,H_147.jpg,2320,3088
Lip,1421,3073,H_148.jpg,2868,3824
Lip,1499,2586,H_149.jpg,3456,3456
Lip,852,1797,H_15.jpg,1920,2560
Lip,1249,1674,H_150.jpg,2448,3264
Lip,1322,2176,H_16.jpg,2448,3264
Lip,904,1617,H_17.jpg,1920,2560
Lip,1370,2249,H_18.jpg,2448,3264
Lip,1184,1967,H_19.jpg,2320,3088
Lip,1255,1686,H_2.jpg,2448,3264
Lip,745,1612,H_20.jpg,1440,2560
Lip,1201,2270,H_21.jpg,2320,3088
Lip,1328,1916,H_22.jpg,2448,3264
Lip,2083,3671,H_23.jpg,4224,5632
Lip,1182,1682,H_24.jpg,1980,2640
Lip,1448,2859,H_25.jpg,3456,4608
Lip,625,1402,H_26.jpg,1296,2592
Lip,924,1636,H_27.jpg,1932,2576
Lip,1545,2192,H_28.jpg,3072,4096
Lip,1136,2219,H_29.jpg,2316,3088
Lip,2009,3600,H_3.jpg,3880,5184
Lip,1416,1876,H_30.jpg,2316,3088
Lip,1153,2025,H_31.jpg,2448,3264
Lip,466,612,H_32.jpg,960,1280
Lip,1274,1221,H_33.jpg,2448,3264
Lip,1056,1642,H_34.jpg,1956,2608
Lip,603,1325,H_35.jpg,1944,2592
Lip,1499,2941,H_36.jpg,3136,4224
Lip,1195,2128,H_37.jpg,2448,3264
Lip,932,1555,H_38.jpg,1980,2640
Lip,739,2062,H_39.jpg,1440,3200
Lip,1256,2087,H_4.jpg,2316,3088
Lip,1808,3869,H_40.jpg,3880,5184
Lip,1171,1789,H_41.jpg,2448,3264
Lip,1437,2182,H_42.jpg,3136,4224
Lip,1205,1967,H_43.jpg,2316,3088
Lip,2020,3828,H_44.jpg,4224,5632
Lip,2487,4159,H_45.jpg,4896,6528
Lip,1339,2341,H_46.jpg,3000,4000
Lip,996,1862,H_47.jpg,2448,3264
Lip,1182,1853,H_48.jpg,2316,3088
Lip,1098,2406,H_49.jpg,2448,3264
Lip,244,352,H_5.jpg,480,640
Lip,1268,2176,H_50.jpg,2448,3264
Lip,1171,1853,H_51.jpg,2316,3088
Lip,949,1555,H_52.jpg,1944,2592
Lip,1268,2152,H_53.jpg,2448,3264
Lip,1760,2960,H_54.jpg,3516,4688
Lip,1346,2007,H_55.jpg,2448,3264
Lip,459,856,H_56.jpg,960,1280
Lip,1560,2579,H_57.jpg,3072,4096
Lip,2632,4207,H_58.jpg,4896,6528
Lip,1058,1860,H_59.jpg,1932,2576
Lip,1079,1801,H_6.jpg,2316,3088
Lip,511,751,H_60.jpg,960,1280
Lip,988,1565,H_61.jpg,1936,2592
Lip,526,1358,H_62.jpg,1080,1920
Lip,1225,1934,H_63.jpg,2448,3264
Lip,830,1387,H_64.jpg,1936,2592
Lip,914,1655,H_65.jpg,1932,2576
Lip,902,1862,H_66.jpg,1936,2592
Lip,1261,1717,H_67.jpg,2448,3264
Lip,1858,3004,H_68.jpg,3456,4608
Lip,1151,1555,H_69.jpg,1920,2560
Lip,1201,1813,H_7.jpg,2448,3264
Lip,928,1394,H_70.jpg,1920,2560
Lip,1823,2635,H_71.jpg,3120,4160
Lip,1159,1977,H_72.jpg,2448,3264
Lip,974,1788,H_73.jpg,2208,2944
Lip,1268,2299,H_74.jpg,2316,3088
Lip,541,951,H_75.jpg,1200,1600
Lip,1468,2628,H_76.jpg,3136,4224
Lip,952,1247,H_77.jpg,1980,2640
Lip,1159,1967,H_78.jpg,2316,3088
Lip,1923,3706,H_79.jpg,3880,5184
Lip,1747,2688,H_8.jpg,3456,4608
Lip,1642,1668,H_80.jpg,3264,2448
Lip,414,683,H_81.jpg,960,1280
Lip,1704,2169,H_82.jpg,3072,4096
Lip,737,1686,H_83.jpg,1472,3264
Lip,1091,1876,H_84.jpg,2316,3088
Lip,935,1805,H_85.jpg,1936,2592
Lip,969,1422,H_86.jpg,1944,1944
Lip,1056,1401,H_87.jpg,2316,3088
Lip,1195,2047,H_88.jpg,2320,3088
Lip,1943,2739,H_89.jpg,3456,4608
Lip,978,1541,H_9.jpg,1944,2592
Lip,1079,1965,H_90.jpg,2472,3296
Lip,645,1594,H_91.jpg,1152,2624
Lip,1104,2206,H_92.jpg,2448,3264
Lip,1943,2850,H_93.jpg,3456,4608
Lip,839,1413,H_94.jpg,1980,2640
Lip,848,1973,H_95.jpg,1620,2880
Lip,848,1990,H_96.jpg,1764,3824
Lip,1125,1607,H_97.jpg,2316,3088
Lip,2209,4969,H_98.jpg,4896,6528
Lip,1823,1777,H_99.jpg,3264,2448